<?xml version="1.0" encoding="utf-8"?>
<unattend xmlns="urn:schemas-microsoft-com:unattend">
  <settings pass="disabled">
    <component name="Microsoft-Windows-Setup" processorArchitecture="amd64" language="neutral" xmlns:wcm="http://schemas.microsoft.com/WMIConfig/2002/State" xmlns:xsi="http://www.w3.org/2001/XMLSchema-instance" publicKeyToken="31bf3856ad364e35" versionScope="nonSxS">
      <UserData>
        <ProductKey>
          <Key />
        </ProductKey>
      </UserData>
    </component>
  </settings>
  <settings pass="specialize">
    <component name="Microsoft-Windows-Deployment" processorArchitecture="amd64" language="neutral" xmlns:wcm="http://schemas.microsoft.com/WMIConfig/2002/State" xmlns:xsi="http://www.w3.org/2001/XMLSchema-instance" publicKeyToken="31bf3856ad364e35" versionScope="nonSxS">
      <RunSynchronous>
        <RunSynchronousCommand wcm:action="add">
          <Order>1</Order>
          <Path>reg add HKLM\SOFTWARE\Policies\Microsoft\Windows\CloudContent /v DisableCloudOptimizedContent /t REG_DWORD /d 1 /f</Path>
        </RunSynchronousCommand>
        <RunSynchronousCommand wcm:action="add">
          <Order>2</Order>
          <Path>reg add HKLM\SOFTWARE\Policies\Microsoft\Windows\CloudContent /v DisableConsumerAccountStateContent /t REG_DWORD /d 1 /f</Path>
        </RunSynchronousCommand>    
        <RunSynchronousCommand wcm:action="add">
          <Order>3</Order>
          <Path>reg add HKLM\Software\Microsoft\Windows\CurrentVersion\Policies\System /v EnableFirstLogonAnimation /t REG_DWORD /d 0 /f</Path>
        </RunSynchronousCommand>                                      
      </RunSynchronous>      
    </component>
  </settings>
  <settings pass="oobeSystem">
    <component name="Microsoft-Windows-Shell-Setup" processorArchitecture="amd64" language="neutral" xmlns:wcm="http://schemas.microsoft.com/WMIConfig/2002/State" xmlns:xsi="http://www.w3.org/2001/XMLSchema-instance" publicKeyToken="31bf3856ad364e35" versionScope="nonSxS">
      <OOBE>
        <ProtectYourPC>3</ProtectYourPC>
      </OOBE>
      <UserAccounts>
        <LocalAccounts>
          <LocalAccount wcm:action="add">
            <Name>admin</Name>
            <DisplayName>admin</DisplayName>
            <Group>Administrators;Power Users</Group>
            <Password>
              <Value>UABhAHMAcwB3AG8AcgBkAA==</Value>
              <PlainText>false</PlainText>
            </Password>
          </LocalAccount>
        </LocalAccounts>
      </UserAccouts>
    </component>
  </settings>
</unattend>
